  <nddl>
      <enum line="8" column="6" filename="Core.nddl" name="TokenStates">
          <set>
              <symbol value="INACTIVE" type="TokenStates"/>
              <symbol value="ACTIVE" type="TokenStates"/>
              <symbol value="MERGED" type="TokenStates"/>
              <symbol value="REJECTED" type="TokenStates"/>
          </set>
      </enum>
      <class line="17" column="7" filename="Core.nddl" name="Timeline"/>
      <class line="10" column="7" filename="Resources.nddl" name="Reservoir">
          <var line="11" column="9" name="initialCapacity" type="float"/>
          <var line="12" column="9" name="levelLimitMin" type="float"/>
          <var line="13" column="9" name="levelLimitMax" type="float"/>
          <var line="14" column="9" name="productionRateMax" type="float"/>
          <var line="15" column="9" name="productionMax" type="float"/>
          <var line="16" column="9" name="consumptionRateMax" type="float"/>
          <var line="17" column="9" name="consumptionMax" type="float"/>
          <predicate line="19" column="13" name="produce">
              <var line="21" column="11" name="quantity" type="float">
                  <interval min="0.0" max="+inf" type="float"/>
              </var>
          </predicate>
          <predicate line="24" column="13" name="consume">
              <var line="26" column="11" name="quantity" type="float">
                  <interval min="0.0" max="+inf" type="float"/>
              </var>
          </predicate>
          <constructor line="29" column="3">
              <arg name="ic" type="float"/>
              <arg name="ll_min" type="float"/>
              <arg name="ll_max" type="float"/>
              <assign line="30" column="5" name="initialCapacity" type="float">
                  <id line="30" column="23" name="ic" type="float"/>
              </assign>
              <assign line="31" column="5" name="levelLimitMin" type="float">
                  <id line="31" column="21" name="ll_min" type="float"/>
              </assign>
              <assign line="32" column="5" name="levelLimitMax" type="float">
                  <id line="32" column="21" name="ll_max" type="float"/>
              </assign>
              <assign line="33" column="5" name="productionRateMax" type="float">
                  <value name="+inf" type="float"/>
              </assign>
              <assign line="34" column="5" name="productionMax" type="float">
                  <value name="+inf" type="float"/>
              </assign>
              <assign line="35" column="5" name="consumptionRateMax" type="float">
                  <value name="+inf" type="float"/>
              </assign>
              <assign line="36" column="5" name="consumptionMax" type="float">
                  <value name="+inf" type="float"/>
              </assign>
          </constructor>
          <constructor line="39" column="3">
              <arg name="ic" type="float"/>
              <arg name="ll_min" type="float"/>
              <arg name="ll_max" type="float"/>
              <arg name="p_max" type="float"/>
              <arg name="c_max" type="float"/>
              <assign line="40" column="5" name="initialCapacity" type="float">
                  <id line="40" column="23" name="ic" type="float"/>
              </assign>
              <assign line="41" column="5" name="levelLimitMin" type="float">
                  <id line="41" column="21" name="ll_min" type="float"/>
              </assign>
              <assign line="42" column="5" name="levelLimitMax" type="float">
                  <id line="42" column="21" name="ll_max" type="float"/>
              </assign>
              <assign line="43" column="5" name="productionRateMax" type="float">
                  <value name="+inf" type="float"/>
              </assign>
              <assign line="44" column="5" name="productionMax" type="float">
                  <id line="44" column="21" name="p_max" type="float"/>
              </assign>
              <assign line="45" column="5" name="consumptionRateMax" type="float">
                  <value name="+inf" type="float"/>
              </assign>
              <assign line="46" column="5" name="consumptionMax" type="float">
                  <id line="46" column="22" name="c_max" type="float"/>
              </assign>
          </constructor>
          <constructor line="49" column="3">
              <arg name="ic" type="float"/>
              <arg name="ll_min" type="float"/>
              <arg name="ll_max" type="float"/>
              <arg name="pr_max" type="float"/>
              <arg name="p_max" type="float"/>
              <arg name="cr_max" type="float"/>
              <arg name="c_max" type="float"/>
              <assign line="51" column="5" name="initialCapacity" type="float">
                  <id line="51" column="23" name="ic" type="float"/>
              </assign>
              <assign line="52" column="5" name="levelLimitMin" type="float">
                  <id line="52" column="21" name="ll_min" type="float"/>
              </assign>
              <assign line="53" column="5" name="levelLimitMax" type="float">
                  <id line="53" column="21" name="ll_max" type="float"/>
              </assign>
              <assign line="54" column="5" name="productionRateMax" type="float">
                  <id line="54" column="25" name="pr_max" type="float"/>
              </assign>
              <assign line="55" column="5" name="productionMax" type="float">
                  <id line="55" column="21" name="p_max" type="float"/>
              </assign>
              <assign line="56" column="5" name="consumptionRateMax" type="float">
                  <id line="56" column="26" name="cr_max" type="float"/>
              </assign>
              <assign line="57" column="5" name="consumptionMax" type="float">
                  <id line="57" column="22" name="c_max" type="float"/>
              </assign>
          </constructor>
      </class>
      <class line="61" column="7" filename="Resources.nddl" name="Reusable">
          <var line="62" column="9" name="capacity" type="float"/>
          <var line="63" column="9" name="levelLimitMin" type="float"/>
          <var line="64" column="9" name="consumptionMax" type="float"/>
          <var line="65" column="9" name="consumptionRateMax" type="float"/>
          <predicate line="67" column="13" name="uses">
              <var line="68" column="11" name="quantity" type="float">
                  <interval min="0.0" max="+inf" type="float"/>
              </var>
          </predicate>
          <constructor line="71" column="3">
              <arg name="c" type="float"/>
              <arg name="ll_min" type="float"/>
              <assign line="72" column="5" name="capacity" type="float">
                  <id line="72" column="16" name="c" type="float"/>
              </assign>
              <assign line="73" column="5" name="levelLimitMin" type="float">
                  <id line="73" column="21" name="ll_min" type="float"/>
              </assign>
              <assign line="74" column="5" name="consumptionMax" type="float">
                  <value name="+inf" type="float"/>
              </assign>
              <assign line="75" column="5" name="consumptionRateMax" type="float">
                  <value name="+inf" type="float"/>
              </assign>
          </constructor>
          <constructor line="78" column="3">
              <arg name="c" type="float"/>
              <arg name="ll_min" type="float"/>
              <arg name="cr_max" type="float"/>
              <assign line="79" column="5" name="capacity" type="float">
                  <id line="79" column="16" name="c" type="float"/>
              </assign>
              <assign line="80" column="5" name="levelLimitMin" type="float">
                  <id line="80" column="21" name="ll_min" type="float"/>
              </assign>
              <assign line="81" column="5" name="consumptionMax" type="float">
                  <value name="+inf" type="float"/>
              </assign>
              <assign line="82" column="5" name="consumptionRateMax" type="float">
                  <id line="82" column="26" name="cr_max" type="float"/>
              </assign>
          </constructor>
          <constructor line="85" column="3">
              <arg name="c" type="float"/>
              <arg name="ll_min" type="float"/>
              <arg name="c_max" type="float"/>
              <arg name="cr_max" type="float"/>
              <assign line="86" column="5" name="capacity" type="float">
                  <id line="86" column="16" name="c" type="float"/>
              </assign>
              <assign line="87" column="5" name="levelLimitMin" type="float">
                  <id line="87" column="21" name="ll_min" type="float"/>
              </assign>
              <assign line="88" column="5" name="consumptionMax" type="float">
                  <id line="88" column="22" name="c_max" type="float"/>
              </assign>
              <assign line="89" column="5" name="consumptionRateMax" type="float">
                  <id line="89" column="26" name="cr_max" type="float"/>
              </assign>
          </constructor>
      </class>
      <class line="93" column="7" filename="Resources.nddl" name="CBReusable">
          <var line="94" column="9" name="capacity" type="float"/>
          <var line="95" column="9" name="levelLimitMin" type="float"/>
          <var line="96" column="9" name="consumptionMax" type="float"/>
          <var line="97" column="9" name="consumptionRateMax" type="float"/>
          <constructor line="105" column="3">
              <arg name="c" type="float"/>
              <arg name="ll_min" type="float"/>
              <assign line="106" column="5" name="capacity" type="float">
                  <id line="106" column="16" name="c" type="float"/>
              </assign>
              <assign line="107" column="5" name="levelLimitMin" type="float">
                  <id line="107" column="21" name="ll_min" type="float"/>
              </assign>
              <assign line="108" column="5" name="consumptionMax" type="float">
                  <value name="+inf" type="float"/>
              </assign>
              <assign line="109" column="5" name="consumptionRateMax" type="float">
                  <value name="+inf" type="float"/>
              </assign>
          </constructor>
          <constructor line="112" column="3">
              <arg name="c" type="float"/>
              <arg name="ll_min" type="float"/>
              <arg name="cr_max" type="float"/>
              <assign line="113" column="5" name="capacity" type="float">
                  <id line="113" column="16" name="c" type="float"/>
              </assign>
              <assign line="114" column="5" name="levelLimitMin" type="float">
                  <id line="114" column="21" name="ll_min" type="float"/>
              </assign>
              <assign line="115" column="5" name="consumptionMax" type="float">
                  <value name="+inf" type="float"/>
              </assign>
              <assign line="116" column="5" name="consumptionRateMax" type="float">
                  <id line="116" column="26" name="cr_max" type="float"/>
              </assign>
          </constructor>
          <constructor line="119" column="3">
              <arg name="c" type="float"/>
              <arg name="ll_min" type="float"/>
              <arg name="c_max" type="float"/>
              <arg name="cr_max" type="float"/>
              <assign line="120" column="5" name="capacity" type="float">
                  <id line="120" column="16" name="c" type="float"/>
              </assign>
              <assign line="121" column="5" name="levelLimitMin" type="float">
                  <id line="121" column="21" name="ll_min" type="float"/>
              </assign>
              <assign line="122" column="5" name="consumptionMax" type="float">
                  <id line="122" column="22" name="c_max" type="float"/>
              </assign>
              <assign line="123" column="5" name="consumptionRateMax" type="float">
                  <id line="123" column="26" name="cr_max" type="float"/>
              </assign>
          </constructor>
      </class>
      <class line="127" column="7" filename="Resources.nddl" name="Unary">
          <var line="128" column="9" name="consumptionMax" type="float"/>
          <constructor line="130" column="3">
              <assign line="131" column="5" name="consumptionMax" type="float">
                  <value name="+inf" type="float"/>
              </assign>
          </constructor>
          <constructor line="134" column="3">
              <arg name="c_max" type="float"/>
              <assign line="135" column="5" name="consumptionMax" type="float">
                  <id line="135" column="22" name="c_max" type="float"/>
              </assign>
          </constructor>
          <predicate line="137" column="13" name="use"/>
      </class>
      <class line="145" column="7" filename="Resources.nddl" name="UnaryResource" extends="Timeline">
          <predicate line="146" column="12" name="uses">
              <invoke line="147" column="3" name="eq">
                  <id line="147" column="6" name="state" type="TokenStates"/>
                  <symbol value="ACTIVE" type="TokenStates"/>
              </invoke>
          </predicate>
      </class>
      <class line="3" column="7" filename="UBO-model.nddl" name="CapacityResource" extends="Reusable">
          <var line="7" column="12" name="profileType" type="string"/>
          <var line="8" column="12" name="detectorType" type="string"/>
          <constructor line="10" column="5">
              <arg name="pt" type="string"/>
              <arg name="dt" type="string"/>
              <arg name="mincapacity" type="float"/>
              <arg name="maxcapacity" type="float"/>
              <super>
                  <id line="12" column="16" name="maxcapacity" type="float"/>
                  <id line="12" column="29" name="mincapacity" type="float"/>
              </super>
              <assign line="13" column="9" name="profileType" type="string">
                  <id line="13" column="23" name="pt" type="string"/>
              </assign>
              <assign line="14" column="9" name="detectorType" type="string">
                  <id line="14" column="24" name="dt" type="string"/>
              </assign>
          </constructor>
      </class>
      <class line="18" column="7" filename="UBO-model.nddl" name="Allocation">
          <var line="20" column="9" name="m_identifier" type="int"/>
          <var line="21" column="11" name="m_quantity" type="float"/>
          <var line="22" column="22" name="m_resource" type="CapacityResource"/>
          <constructor line="24" column="5">
              <arg name="resource" type="CapacityResource"/>
              <arg name="activityId" type="int"/>
              <arg name="quantity" type="float"/>
              <assign line="26" column="9" name="m_identifier" type="int">
                  <id line="26" column="24" name="activityId" type="int"/>
              </assign>
              <assign line="27" column="9" name="m_resource" type="CapacityResource">
                  <id line="27" column="22" name="resource" type="CapacityResource"/>
              </assign>
              <assign line="28" column="9" name="m_quantity" type="float">
                  <id line="28" column="22" name="quantity" type="float"/>
              </assign>
          </constructor>
      </class>
      <class line="32" column="7" filename="UBO-model.nddl" name="ActivityTimeline" extends="Timeline">
          <var line="34" column="8" name="id_" type="int"/>
          <constructor line="36" column="4">
              <arg name="i" type="int"/>
              <assign line="38" column="8" name="id_" type="int">
                  <id line="38" column="14" name="i" type="int"/>
              </assign>
          </constructor>
          <predicate line="41" column="14" name="act"/>
      </class>
      <compat line="44" column="1" filename="UBO-model.nddl" class="ActivityTimeline" name="act">
          <group/>
      </compat>
      <class line="48" column="7" filename="UBO-model.nddl" name="ProblemInstance" extends="Object">
          <predicate line="50" column="15" name="Activity">
              <var line="51" column="13" name="m_identifier" type="int"/>
              <var line="52" column="26" name="timeline" type="ActivityTimeline"/>
          </predicate>
      </class>
      <compat line="56" column="1" filename="UBO-model.nddl" class="ProblemInstance" name="Activity">
          <group>
              <subgoal line="59" column="5" relation="equals">
                  <predicateinstance type="timeline.act" name="act"/>
              </subgoal>
              <invoke line="60" column="5" name="eq">
                  <id line="60" column="8" name="duration" type="int"/>
                  <id line="60" column="20" name="act.duration" type="int"/>
              </invoke>
              <invoke line="61" column="5" name="eq">
                  <id line="61" column="11" name="act.state" type="TokenStates"/>
                  <symbol value="ACTIVE" type="TokenStates"/>
              </invoke>
              <var line="63" column="16" name="allocations" type="Allocation"/>
              <invoke line="64" column="5" name="eq">
                  <id line="64" column="20" name="allocations.m_identifier" type="int"/>
                  <id line="64" column="35" name="m_identifier" type="int"/>
              </invoke>
              <loop line="66" column="14" name="a" value="allocations" type="Allocation">
                  <group>
                      <subgoal line="69" column="9" relation="equals">
                          <predicateinstance type="a.m_resource.uses" name="u"/>
                      </subgoal>
                      <invoke line="70" column="9" name="eq">
                          <id line="70" column="13" name="duration" type="int"/>
                          <id line="70" column="24" name="u.duration" type="int"/>
                      </invoke>
                      <invoke line="71" column="9" name="eq">
                          <id line="71" column="14" name="u.quantity" type="float"/>
                          <id line="71" column="26" name="a.m_quantity" type="float"/>
                      </invoke>
                  </group>
              </loop>
          </group>
      </compat>
      <var line="7" column="17" name="problem" type="ProblemInstance">
          <new type="ProblemInstance"/>
      </var>
      <var line="11" column="5" name="maxDuration" type="int"/>
      <var line="12" column="5" name="maxDurationPlusOne" type="int"/>
      <invoke line="14" column="13" identifier="maxDuration" name="specify">
          <value name="60" type="int"/>
      </invoke>
      <invoke line="15" column="1" name="addEq">
          <id line="15" column="7" name="maxDuration" type="int"/>
          <value name="1" type="int"/>
          <id line="15" column="21" name="maxDurationPlusOne" type="int"/>
      </invoke>
      <var line="19" column="8" name="profileType" type="string">
          <value name="GroundedProfile" type="string"/>
      </var>
      <var line="20" column="8" name="detectorType" type="string">
          <value name="GroundedFVDetector" type="string"/>
      </var>
      <var line="22" column="18" name="resource0" type="CapacityResource">
          <new type="CapacityResource">
              <id line="22" column="52" name="profileType" type="string"/>
              <id line="22" column="65" name="detectorType" type="string"/>
              <value name="0.00000" type="float"/>
              <value name="10.0000" type="float"/>
          </new>
      </var>
      <var line="23" column="18" name="resource1" type="CapacityResource">
          <new type="CapacityResource">
              <id line="23" column="52" name="profileType" type="string"/>
              <id line="23" column="65" name="detectorType" type="string"/>
              <value name="0.00000" type="float"/>
              <value name="10.0000" type="float"/>
          </new>
      </var>
      <var line="24" column="18" name="resource2" type="CapacityResource">
          <new type="CapacityResource">
              <id line="24" column="52" name="profileType" type="string"/>
              <id line="24" column="65" name="detectorType" type="string"/>
              <value name="0.00000" type="float"/>
              <value name="10.0000" type="float"/>
          </new>
      </var>
      <var line="25" column="18" name="resource3" type="CapacityResource">
          <new type="CapacityResource">
              <id line="25" column="52" name="profileType" type="string"/>
              <id line="25" column="65" name="detectorType" type="string"/>
              <value name="0.00000" type="float"/>
              <value name="10.0000" type="float"/>
          </new>
      </var>
      <var line="26" column="18" name="resource4" type="CapacityResource">
          <new type="CapacityResource">
              <id line="26" column="52" name="profileType" type="string"/>
              <id line="26" column="65" name="detectorType" type="string"/>
              <value name="0.00000" type="float"/>
              <value name="10.0000" type="float"/>
          </new>
      </var>
      <var line="28" column="12" name="a0" type="Allocation">
          <new type="Allocation">
              <id line="28" column="33" name="resource0" type="CapacityResource"/>
              <value name="0" type="int"/>
              <value name="0.0" type="float"/>
          </new>
      </var>
      <var line="29" column="12" name="a1" type="Allocation">
          <new type="Allocation">
              <id line="29" column="33" name="resource0" type="CapacityResource"/>
              <value name="1" type="int"/>
              <value name="4.00000" type="float"/>
          </new>
      </var>
      <var line="30" column="12" name="a2" type="Allocation">
          <new type="Allocation">
              <id line="30" column="33" name="resource1" type="CapacityResource"/>
              <value name="1" type="int"/>
              <value name="3.00000" type="float"/>
          </new>
      </var>
      <var line="31" column="12" name="a3" type="Allocation">
          <new type="Allocation">
              <id line="31" column="33" name="resource2" type="CapacityResource"/>
              <value name="1" type="int"/>
              <value name="7.00000" type="float"/>
          </new>
      </var>
      <var line="32" column="12" name="a4" type="Allocation">
          <new type="Allocation">
              <id line="32" column="33" name="resource3" type="CapacityResource"/>
              <value name="1" type="int"/>
              <value name="7.00000" type="float"/>
          </new>
      </var>
      <var line="33" column="12" name="a5" type="Allocation">
          <new type="Allocation">
              <id line="33" column="33" name="resource4" type="CapacityResource"/>
              <value name="1" type="int"/>
              <value name="2.00000" type="float"/>
          </new>
      </var>
      <var line="34" column="12" name="a6" type="Allocation">
          <new type="Allocation">
              <id line="34" column="33" name="resource0" type="CapacityResource"/>
              <value name="2" type="int"/>
              <value name="1.00000" type="float"/>
          </new>
      </var>
      <var line="35" column="12" name="a7" type="Allocation">
          <new type="Allocation">
              <id line="35" column="33" name="resource1" type="CapacityResource"/>
              <value name="2" type="int"/>
              <value name="9.00000" type="float"/>
          </new>
      </var>
      <var line="36" column="12" name="a8" type="Allocation">
          <new type="Allocation">
              <id line="36" column="33" name="resource2" type="CapacityResource"/>
              <value name="2" type="int"/>
              <value name="6.00000" type="float"/>
          </new>
      </var>
      <var line="37" column="12" name="a9" type="Allocation">
          <new type="Allocation">
              <id line="37" column="33" name="resource3" type="CapacityResource"/>
              <value name="2" type="int"/>
              <value name="4.00000" type="float"/>
          </new>
      </var>
      <var line="38" column="12" name="a10" type="Allocation">
          <new type="Allocation">
              <id line="38" column="34" name="resource4" type="CapacityResource"/>
              <value name="2" type="int"/>
              <value name="1.00000" type="float"/>
          </new>
      </var>
      <var line="39" column="12" name="a11" type="Allocation">
          <new type="Allocation">
              <id line="39" column="34" name="resource0" type="CapacityResource"/>
              <value name="3" type="int"/>
              <value name="2.00000" type="float"/>
          </new>
      </var>
      <var line="40" column="12" name="a12" type="Allocation">
          <new type="Allocation">
              <id line="40" column="34" name="resource3" type="CapacityResource"/>
              <value name="3" type="int"/>
              <value name="4.00000" type="float"/>
          </new>
      </var>
      <var line="41" column="12" name="a13" type="Allocation">
          <new type="Allocation">
              <id line="41" column="34" name="resource4" type="CapacityResource"/>
              <value name="3" type="int"/>
              <value name="2.00000" type="float"/>
          </new>
      </var>
      <var line="42" column="12" name="a14" type="Allocation">
          <new type="Allocation">
              <id line="42" column="34" name="resource1" type="CapacityResource"/>
              <value name="4" type="int"/>
              <value name="7.00000" type="float"/>
          </new>
      </var>
      <var line="43" column="12" name="a15" type="Allocation">
          <new type="Allocation">
              <id line="43" column="34" name="resource2" type="CapacityResource"/>
              <value name="4" type="int"/>
              <value name="4.00000" type="float"/>
          </new>
      </var>
      <var line="44" column="12" name="a16" type="Allocation">
          <new type="Allocation">
              <id line="44" column="34" name="resource3" type="CapacityResource"/>
              <value name="4" type="int"/>
              <value name="7.00000" type="float"/>
          </new>
      </var>
      <var line="45" column="12" name="a17" type="Allocation">
          <new type="Allocation">
              <id line="45" column="34" name="resource4" type="CapacityResource"/>
              <value name="4" type="int"/>
              <value name="10.0000" type="float"/>
          </new>
      </var>
      <var line="46" column="12" name="a18" type="Allocation">
          <new type="Allocation">
              <id line="46" column="34" name="resource0" type="CapacityResource"/>
              <value name="5" type="int"/>
              <value name="6.00000" type="float"/>
          </new>
      </var>
      <var line="47" column="12" name="a19" type="Allocation">
          <new type="Allocation">
              <id line="47" column="34" name="resource1" type="CapacityResource"/>
              <value name="5" type="int"/>
              <value name="6.00000" type="float"/>
          </new>
      </var>
      <var line="48" column="12" name="a20" type="Allocation">
          <new type="Allocation">
              <id line="48" column="34" name="resource2" type="CapacityResource"/>
              <value name="5" type="int"/>
              <value name="3.00000" type="float"/>
          </new>
      </var>
      <var line="49" column="12" name="a21" type="Allocation">
          <new type="Allocation">
              <id line="49" column="34" name="resource3" type="CapacityResource"/>
              <value name="5" type="int"/>
              <value name="6.00000" type="float"/>
          </new>
      </var>
      <var line="50" column="12" name="a22" type="Allocation">
          <new type="Allocation">
              <id line="50" column="34" name="resource4" type="CapacityResource"/>
              <value name="5" type="int"/>
              <value name="6.00000" type="float"/>
          </new>
      </var>
      <var line="51" column="12" name="a23" type="Allocation">
          <new type="Allocation">
              <id line="51" column="34" name="resource0" type="CapacityResource"/>
              <value name="6" type="int"/>
              <value name="10.0000" type="float"/>
          </new>
      </var>
      <var line="52" column="12" name="a24" type="Allocation">
          <new type="Allocation">
              <id line="52" column="34" name="resource1" type="CapacityResource"/>
              <value name="6" type="int"/>
              <value name="1.00000" type="float"/>
          </new>
      </var>
      <var line="53" column="12" name="a25" type="Allocation">
          <new type="Allocation">
              <id line="53" column="34" name="resource2" type="CapacityResource"/>
              <value name="6" type="int"/>
              <value name="4.00000" type="float"/>
          </new>
      </var>
      <var line="54" column="12" name="a26" type="Allocation">
          <new type="Allocation">
              <id line="54" column="34" name="resource3" type="CapacityResource"/>
              <value name="6" type="int"/>
              <value name="7.00000" type="float"/>
          </new>
      </var>
      <var line="55" column="12" name="a27" type="Allocation">
          <new type="Allocation">
              <id line="55" column="34" name="resource4" type="CapacityResource"/>
              <value name="6" type="int"/>
              <value name="10.0000" type="float"/>
          </new>
      </var>
      <var line="56" column="12" name="a28" type="Allocation">
          <new type="Allocation">
              <id line="56" column="34" name="resource0" type="CapacityResource"/>
              <value name="7" type="int"/>
              <value name="9.00000" type="float"/>
          </new>
      </var>
      <var line="57" column="12" name="a29" type="Allocation">
          <new type="Allocation">
              <id line="57" column="34" name="resource2" type="CapacityResource"/>
              <value name="7" type="int"/>
              <value name="10.0000" type="float"/>
          </new>
      </var>
      <var line="58" column="12" name="a30" type="Allocation">
          <new type="Allocation">
              <id line="58" column="34" name="resource3" type="CapacityResource"/>
              <value name="7" type="int"/>
              <value name="4.00000" type="float"/>
          </new>
      </var>
      <var line="59" column="12" name="a31" type="Allocation">
          <new type="Allocation">
              <id line="59" column="34" name="resource4" type="CapacityResource"/>
              <value name="7" type="int"/>
              <value name="6.00000" type="float"/>
          </new>
      </var>
      <var line="60" column="12" name="a32" type="Allocation">
          <new type="Allocation">
              <id line="60" column="34" name="resource0" type="CapacityResource"/>
              <value name="8" type="int"/>
              <value name="4.00000" type="float"/>
          </new>
      </var>
      <var line="61" column="12" name="a33" type="Allocation">
          <new type="Allocation">
              <id line="61" column="34" name="resource1" type="CapacityResource"/>
              <value name="9" type="int"/>
              <value name="8.00000" type="float"/>
          </new>
      </var>
      <var line="62" column="12" name="a34" type="Allocation">
          <new type="Allocation">
              <id line="62" column="34" name="resource0" type="CapacityResource"/>
              <value name="10" type="int"/>
              <value name="4.00000" type="float"/>
          </new>
      </var>
      <var line="63" column="12" name="a35" type="Allocation">
          <new type="Allocation">
              <id line="63" column="34" name="resource1" type="CapacityResource"/>
              <value name="10" type="int"/>
              <value name="1.00000" type="float"/>
          </new>
      </var>
      <var line="64" column="12" name="a36" type="Allocation">
          <new type="Allocation">
              <id line="64" column="34" name="resource2" type="CapacityResource"/>
              <value name="10" type="int"/>
              <value name="6.00000" type="float"/>
          </new>
      </var>
      <var line="65" column="12" name="a37" type="Allocation">
          <new type="Allocation">
              <id line="65" column="34" name="resource3" type="CapacityResource"/>
              <value name="10" type="int"/>
              <value name="9.00000" type="float"/>
          </new>
      </var>
      <var line="66" column="12" name="a38" type="Allocation">
          <new type="Allocation">
              <id line="66" column="34" name="resource4" type="CapacityResource"/>
              <value name="10" type="int"/>
              <value name="6.00000" type="float"/>
          </new>
      </var>
      <var line="67" column="12" name="a39" type="Allocation">
          <new type="Allocation">
              <id line="67" column="34" name="resource0" type="CapacityResource"/>
              <value name="11" type="int"/>
              <value name="0.0" type="float"/>
          </new>
      </var>
      <var line="69" column="18" name="at0" type="ActivityTimeline">
          <new type="ActivityTimeline">
              <value name="0" type="int"/>
          </new>
      </var>
      <var line="70" column="18" name="at1" type="ActivityTimeline">
          <new type="ActivityTimeline">
              <value name="1" type="int"/>
          </new>
      </var>
      <var line="71" column="18" name="at2" type="ActivityTimeline">
          <new type="ActivityTimeline">
              <value name="2" type="int"/>
          </new>
      </var>
      <var line="72" column="18" name="at3" type="ActivityTimeline">
          <new type="ActivityTimeline">
              <value name="3" type="int"/>
          </new>
      </var>
      <var line="73" column="18" name="at4" type="ActivityTimeline">
          <new type="ActivityTimeline">
              <value name="4" type="int"/>
          </new>
      </var>
      <var line="74" column="18" name="at5" type="ActivityTimeline">
          <new type="ActivityTimeline">
              <value name="5" type="int"/>
          </new>
      </var>
      <var line="75" column="18" name="at6" type="ActivityTimeline">
          <new type="ActivityTimeline">
              <value name="6" type="int"/>
          </new>
      </var>
      <var line="76" column="18" name="at7" type="ActivityTimeline">
          <new type="ActivityTimeline">
              <value name="7" type="int"/>
          </new>
      </var>
      <var line="77" column="18" name="at8" type="ActivityTimeline">
          <new type="ActivityTimeline">
              <value name="8" type="int"/>
          </new>
      </var>
      <var line="78" column="18" name="at9" type="ActivityTimeline">
          <new type="ActivityTimeline">
              <value name="9" type="int"/>
          </new>
      </var>
      <var line="79" column="18" name="at10" type="ActivityTimeline">
          <new type="ActivityTimeline">
              <value name="10" type="int"/>
          </new>
      </var>
      <var line="80" column="18" name="at11" type="ActivityTimeline">
          <new type="ActivityTimeline">
              <value name="11" type="int"/>
          </new>
      </var>
      <invoke line="82" column="1" name="close"/>
      <goal line="84" column="1" mandatory="true">
          <predicateinstance type="problem.Activity" name="activity0"/>
      </goal>
      <invoke line="85" column="1" name="eq">
          <id line="85" column="14" name="activity0.duration" type="int"/>
          <value name="1" type="int"/>
      </invoke>
      <invoke line="86" column="1" name="eq">
          <id line="86" column="14" name="activity0.m_identifier" type="int"/>
          <value name="0" type="int"/>
      </invoke>
      <invoke line="87" column="1" name="eq">
          <id line="87" column="14" name="activity0.timeline" type="ActivityTimeline"/>
          <id line="87" column="25" name="at0" type="ActivityTimeline"/>
      </invoke>
      <goal line="89" column="1" mandatory="true">
          <predicateinstance type="problem.Activity" name="activity1"/>
      </goal>
      <invoke line="90" column="1" name="eq">
          <id line="90" column="14" name="activity1.duration" type="int"/>
          <value name="4" type="int"/>
      </invoke>
      <invoke line="91" column="1" name="eq">
          <id line="91" column="14" name="activity1.m_identifier" type="int"/>
          <value name="1" type="int"/>
      </invoke>
      <invoke line="92" column="1" name="eq">
          <id line="92" column="14" name="activity1.timeline" type="ActivityTimeline"/>
          <id line="92" column="25" name="at1" type="ActivityTimeline"/>
      </invoke>
      <goal line="95" column="1" mandatory="true">
          <predicateinstance type="problem.Activity" name="activity2"/>
      </goal>
      <invoke line="96" column="1" name="eq">
          <id line="96" column="14" name="activity2.duration" type="int"/>
          <value name="4" type="int"/>
      </invoke>
      <invoke line="97" column="1" name="eq">
          <id line="97" column="14" name="activity2.m_identifier" type="int"/>
          <value name="2" type="int"/>
      </invoke>
      <invoke line="98" column="1" name="eq">
          <id line="98" column="14" name="activity2.timeline" type="ActivityTimeline"/>
          <id line="98" column="25" name="at2" type="ActivityTimeline"/>
      </invoke>
      <goal line="101" column="1" mandatory="true">
          <predicateinstance type="problem.Activity" name="activity3"/>
      </goal>
      <invoke line="102" column="1" name="eq">
          <id line="102" column="14" name="activity3.duration" type="int"/>
          <value name="10" type="int"/>
      </invoke>
      <invoke line="103" column="1" name="eq">
          <id line="103" column="14" name="activity3.m_identifier" type="int"/>
          <value name="3" type="int"/>
      </invoke>
      <invoke line="104" column="1" name="eq">
          <id line="104" column="14" name="activity3.timeline" type="ActivityTimeline"/>
          <id line="104" column="25" name="at3" type="ActivityTimeline"/>
      </invoke>
      <goal line="107" column="1" mandatory="true">
          <predicateinstance type="problem.Activity" name="activity4"/>
      </goal>
      <invoke line="108" column="1" name="eq">
          <id line="108" column="14" name="activity4.duration" type="int"/>
          <value name="10" type="int"/>
      </invoke>
      <invoke line="109" column="1" name="eq">
          <id line="109" column="14" name="activity4.m_identifier" type="int"/>
          <value name="4" type="int"/>
      </invoke>
      <invoke line="110" column="1" name="eq">
          <id line="110" column="14" name="activity4.timeline" type="ActivityTimeline"/>
          <id line="110" column="25" name="at4" type="ActivityTimeline"/>
      </invoke>
      <goal line="113" column="1" mandatory="true">
          <predicateinstance type="problem.Activity" name="activity5"/>
      </goal>
      <invoke line="114" column="1" name="eq">
          <id line="114" column="14" name="activity5.duration" type="int"/>
          <value name="3" type="int"/>
      </invoke>
      <invoke line="115" column="1" name="eq">
          <id line="115" column="14" name="activity5.m_identifier" type="int"/>
          <value name="5" type="int"/>
      </invoke>
      <invoke line="116" column="1" name="eq">
          <id line="116" column="14" name="activity5.timeline" type="ActivityTimeline"/>
          <id line="116" column="25" name="at5" type="ActivityTimeline"/>
      </invoke>
      <goal line="119" column="1" mandatory="true">
          <predicateinstance type="problem.Activity" name="activity6"/>
      </goal>
      <invoke line="120" column="1" name="eq">
          <id line="120" column="14" name="activity6.duration" type="int"/>
          <value name="1" type="int"/>
      </invoke>
      <invoke line="121" column="1" name="eq">
          <id line="121" column="14" name="activity6.m_identifier" type="int"/>
          <value name="6" type="int"/>
      </invoke>
      <invoke line="122" column="1" name="eq">
          <id line="122" column="14" name="activity6.timeline" type="ActivityTimeline"/>
          <id line="122" column="25" name="at6" type="ActivityTimeline"/>
      </invoke>
      <goal line="125" column="1" mandatory="true">
          <predicateinstance type="problem.Activity" name="activity7"/>
      </goal>
      <invoke line="126" column="1" name="eq">
          <id line="126" column="14" name="activity7.duration" type="int"/>
          <value name="8" type="int"/>
      </invoke>
      <invoke line="127" column="1" name="eq">
          <id line="127" column="14" name="activity7.m_identifier" type="int"/>
          <value name="7" type="int"/>
      </invoke>
      <invoke line="128" column="1" name="eq">
          <id line="128" column="14" name="activity7.timeline" type="ActivityTimeline"/>
          <id line="128" column="25" name="at7" type="ActivityTimeline"/>
      </invoke>
      <goal line="131" column="1" mandatory="true">
          <predicateinstance type="problem.Activity" name="activity8"/>
      </goal>
      <invoke line="132" column="1" name="eq">
          <id line="132" column="14" name="activity8.duration" type="int"/>
          <value name="10" type="int"/>
      </invoke>
      <invoke line="133" column="1" name="eq">
          <id line="133" column="14" name="activity8.m_identifier" type="int"/>
          <value name="8" type="int"/>
      </invoke>
      <invoke line="134" column="1" name="eq">
          <id line="134" column="14" name="activity8.timeline" type="ActivityTimeline"/>
          <id line="134" column="25" name="at8" type="ActivityTimeline"/>
      </invoke>
      <goal line="137" column="1" mandatory="true">
          <predicateinstance type="problem.Activity" name="activity9"/>
      </goal>
      <invoke line="138" column="1" name="eq">
          <id line="138" column="14" name="activity9.duration" type="int"/>
          <value name="9" type="int"/>
      </invoke>
      <invoke line="139" column="1" name="eq">
          <id line="139" column="14" name="activity9.m_identifier" type="int"/>
          <value name="9" type="int"/>
      </invoke>
      <invoke line="140" column="1" name="eq">
          <id line="140" column="14" name="activity9.timeline" type="ActivityTimeline"/>
          <id line="140" column="25" name="at9" type="ActivityTimeline"/>
      </invoke>
      <goal line="143" column="1" mandatory="true">
          <predicateinstance type="problem.Activity" name="activity10"/>
      </goal>
      <invoke line="144" column="1" name="eq">
          <id line="144" column="15" name="activity10.duration" type="int"/>
          <value name="5" type="int"/>
      </invoke>
      <invoke line="145" column="1" name="eq">
          <id line="145" column="15" name="activity10.m_identifier" type="int"/>
          <value name="10" type="int"/>
      </invoke>
      <invoke line="146" column="1" name="eq">
          <id line="146" column="15" name="activity10.timeline" type="ActivityTimeline"/>
          <id line="146" column="26" name="at10" type="ActivityTimeline"/>
      </invoke>
      <goal line="149" column="1" mandatory="true">
          <predicateinstance type="problem.Activity" name="activity11"/>
      </goal>
      <invoke line="150" column="1" name="eq">
          <id line="150" column="15" name="activity11.duration" type="int"/>
          <value name="1" type="int"/>
      </invoke>
      <invoke line="151" column="1" name="eq">
          <id line="151" column="15" name="activity11.m_identifier" type="int"/>
          <value name="11" type="int"/>
      </invoke>
      <invoke line="152" column="1" name="eq">
          <id line="152" column="15" name="activity11.timeline" type="ActivityTimeline"/>
          <id line="152" column="26" name="at11" type="ActivityTimeline"/>
      </invoke>
      <invoke line="154" column="1" name="temporalDistance">
          <id line="154" column="28" name="activity0.start" type="int"/>
          <interval min="0" max="+inf" type="int"/>
          <id line="154" column="57" name="activity1.start" type="int"/>
      </invoke>
      <invoke line="155" column="1" name="temporalDistance">
          <id line="155" column="28" name="activity0.start" type="int"/>
          <interval min="0" max="+inf" type="int"/>
          <id line="155" column="57" name="activity2.start" type="int"/>
      </invoke>
      <invoke line="156" column="1" name="temporalDistance">
          <id line="156" column="28" name="activity0.start" type="int"/>
          <interval min="0" max="+inf" type="int"/>
          <id line="156" column="57" name="activity3.start" type="int"/>
      </invoke>
      <invoke line="157" column="1" name="temporalDistance">
          <id line="157" column="28" name="activity0.start" type="int"/>
          <interval min="0" max="+inf" type="int"/>
          <id line="157" column="57" name="activity4.start" type="int"/>
      </invoke>
      <invoke line="158" column="1" name="temporalDistance">
          <id line="158" column="28" name="activity1.start" type="int"/>
          <interval min="9" max="+inf" type="int"/>
          <id line="158" column="57" name="activity5.start" type="int"/>
      </invoke>
      <invoke line="159" column="1" name="temporalDistance">
          <id line="159" column="28" name="activity5.start" type="int"/>
          <interval min="-inf" max="3" type="int"/>
          <id line="159" column="57" name="activity2.start" type="int"/>
      </invoke>
      <invoke line="160" column="1" name="temporalDistance">
          <id line="160" column="28" name="activity2.start" type="int"/>
          <interval min="8" max="+inf" type="int"/>
          <id line="160" column="57" name="activity6.start" type="int"/>
      </invoke>
      <invoke line="161" column="1" name="temporalDistance">
          <id line="161" column="28" name="activity3.start" type="int"/>
          <interval min="24" max="+inf" type="int"/>
          <id line="161" column="58" name="activity7.start" type="int"/>
      </invoke>
      <invoke line="162" column="1" name="temporalDistance">
          <id line="162" column="28" name="activity4.start" type="int"/>
          <interval min="22" max="+inf" type="int"/>
          <id line="162" column="58" name="activity9.start" type="int"/>
      </invoke>
      <invoke line="163" column="1" name="temporalDistance">
          <id line="163" column="28" name="activity5.start" type="int"/>
          <interval min="4" max="+inf" type="int"/>
          <id line="163" column="57" name="activity8.start" type="int"/>
      </invoke>
      <invoke line="164" column="1" name="temporalDistance">
          <id line="164" column="28" name="activity6.start" type="int"/>
          <interval min="3" max="+inf" type="int"/>
          <id line="164" column="58" name="activity10.start" type="int"/>
      </invoke>
      <invoke line="165" column="1" name="temporalDistance">
          <id line="165" column="28" name="activity3.start" type="int"/>
          <interval min="-inf" max="26" type="int"/>
          <id line="165" column="58" name="activity7.start" type="int"/>
      </invoke>
      <invoke line="166" column="1" name="temporalDistance">
          <id line="166" column="29" name="activity10.start" type="int"/>
          <interval min="-inf" max="2" type="int"/>
          <id line="166" column="58" name="activity7.start" type="int"/>
      </invoke>
      <invoke line="167" column="1" name="temporalDistance">
          <id line="167" column="28" name="activity7.start" type="int"/>
          <interval min="8" max="+inf" type="int"/>
          <id line="167" column="58" name="activity11.start" type="int"/>
      </invoke>
      <invoke line="168" column="1" name="temporalDistance">
          <id line="168" column="28" name="activity8.start" type="int"/>
          <interval min="10" max="+inf" type="int"/>
          <id line="168" column="59" name="activity11.start" type="int"/>
      </invoke>
      <invoke line="169" column="1" name="temporalDistance">
          <id line="169" column="28" name="activity4.start" type="int"/>
          <interval min="-inf" max="25" type="int"/>
          <id line="169" column="58" name="activity9.start" type="int"/>
      </invoke>
      <invoke line="170" column="1" name="temporalDistance">
          <id line="170" column="28" name="activity9.start" type="int"/>
          <interval min="9" max="+inf" type="int"/>
          <id line="170" column="58" name="activity11.start" type="int"/>
      </invoke>
      <invoke line="171" column="1" name="temporalDistance">
          <id line="171" column="29" name="activity10.start" type="int"/>
          <interval min="5" max="+inf" type="int"/>
          <id line="171" column="59" name="activity11.start" type="int"/>
      </invoke>
      <invoke line="173" column="1" name="precedes">
          <value name="0" type="int"/>
          <id line="173" column="21" name="activity0.start" type="int"/>
      </invoke>
      <invoke line="173" column="31" name="precedes">
          <id line="173" column="50" name="activity0.end" type="int"/>
          <id line="173" column="56" name="maxDuration" type="int"/>
      </invoke>
      <invoke line="174" column="1" name="precedes">
          <value name="0" type="int"/>
          <id line="174" column="21" name="activity1.start" type="int"/>
      </invoke>
      <invoke line="174" column="31" name="precedes">
          <id line="174" column="50" name="activity1.end" type="int"/>
          <id line="174" column="56" name="maxDuration" type="int"/>
      </invoke>
      <invoke line="175" column="1" name="precedes">
          <value name="0" type="int"/>
          <id line="175" column="21" name="activity2.start" type="int"/>
      </invoke>
      <invoke line="175" column="31" name="precedes">
          <id line="175" column="50" name="activity2.end" type="int"/>
          <id line="175" column="56" name="maxDuration" type="int"/>
      </invoke>
      <invoke line="176" column="1" name="precedes">
          <value name="0" type="int"/>
          <id line="176" column="21" name="activity3.start" type="int"/>
      </invoke>
      <invoke line="176" column="31" name="precedes">
          <id line="176" column="50" name="activity3.end" type="int"/>
          <id line="176" column="56" name="maxDuration" type="int"/>
      </invoke>
      <invoke line="177" column="1" name="precedes">
          <value name="0" type="int"/>
          <id line="177" column="21" name="activity4.start" type="int"/>
      </invoke>
      <invoke line="177" column="31" name="precedes">
          <id line="177" column="50" name="activity4.end" type="int"/>
          <id line="177" column="56" name="maxDuration" type="int"/>
      </invoke>
      <invoke line="178" column="1" name="precedes">
          <value name="0" type="int"/>
          <id line="178" column="21" name="activity5.start" type="int"/>
      </invoke>
      <invoke line="178" column="31" name="precedes">
          <id line="178" column="50" name="activity5.end" type="int"/>
          <id line="178" column="56" name="maxDuration" type="int"/>
      </invoke>
      <invoke line="179" column="1" name="precedes">
          <value name="0" type="int"/>
          <id line="179" column="21" name="activity6.start" type="int"/>
      </invoke>
      <invoke line="179" column="31" name="precedes">
          <id line="179" column="50" name="activity6.end" type="int"/>
          <id line="179" column="56" name="maxDuration" type="int"/>
      </invoke>
      <invoke line="180" column="1" name="precedes">
          <value name="0" type="int"/>
          <id line="180" column="21" name="activity7.start" type="int"/>
      </invoke>
      <invoke line="180" column="31" name="precedes">
          <id line="180" column="50" name="activity7.end" type="int"/>
          <id line="180" column="56" name="maxDuration" type="int"/>
      </invoke>
      <invoke line="181" column="1" name="precedes">
          <value name="0" type="int"/>
          <id line="181" column="21" name="activity8.start" type="int"/>
      </invoke>
      <invoke line="181" column="31" name="precedes">
          <id line="181" column="50" name="activity8.end" type="int"/>
          <id line="181" column="56" name="maxDuration" type="int"/>
      </invoke>
      <invoke line="182" column="1" name="precedes">
          <value name="0" type="int"/>
          <id line="182" column="21" name="activity9.start" type="int"/>
      </invoke>
      <invoke line="182" column="31" name="precedes">
          <id line="182" column="50" name="activity9.end" type="int"/>
          <id line="182" column="56" name="maxDuration" type="int"/>
      </invoke>
      <invoke line="183" column="1" name="precedes">
          <value name="0" type="int"/>
          <id line="183" column="22" name="activity10.start" type="int"/>
      </invoke>
      <invoke line="183" column="31" name="precedes">
          <id line="183" column="51" name="activity10.end" type="int"/>
          <id line="183" column="57" name="maxDuration" type="int"/>
      </invoke>
      <invoke line="184" column="1" name="precedes">
          <value name="0" type="int"/>
          <id line="184" column="22" name="activity11.start" type="int"/>
      </invoke>
      <invoke line="184" column="31" name="precedes">
          <id line="184" column="51" name="activity11.end" type="int"/>
          <id line="184" column="57" name="maxDurationPlusOne" type="int"/>
      </invoke>
      <invoke line="187" column="11" identifier="activity0" name="activate"/>
      <invoke line="188" column="11" identifier="activity1" name="activate"/>
      <invoke line="189" column="11" identifier="activity2" name="activate"/>
      <invoke line="190" column="11" identifier="activity3" name="activate"/>
      <invoke line="191" column="11" identifier="activity4" name="activate"/>
      <invoke line="192" column="11" identifier="activity5" name="activate"/>
      <invoke line="193" column="11" identifier="activity6" name="activate"/>
      <invoke line="194" column="11" identifier="activity7" name="activate"/>
      <invoke line="195" column="11" identifier="activity8" name="activate"/>
      <invoke line="196" column="11" identifier="activity9" name="activate"/>
      <invoke line="197" column="12" identifier="activity10" name="activate"/>
      <invoke line="198" column="12" identifier="activity11" name="activate"/>
  </nddl>
